{
    "Modules": {
        "...MASTER...": {
            "start_perf": [
                0.3461298942565918,
                0.14460200000000001,
                0.035158000000000002,
                270624,
                282732,
                1572465073.393672,
                4823107239342
            ],
            "child_modules": {
                "std": 1,
                "simpleCNN_tb": 1
            },
            "nMops": 0,
            "end_perf": [
                0.35576581954956055,
                0.145812,
                0.036700999999999998,
                272096,
                282732,
                4823139172468,
                0,
                0
            ],
            "nQuads": 0,
            "nRouts": 5
        },
        "std": {
            "start_perf": [
                0.35584878921508789,
                0.14587900000000001,
                0.036717,
                272096,
                282732,
                1572465073.4033909,
                4823139428460
            ],
            "Compiled Times": 6,
            "child_modules": {},
            "Compiled": "Yes",
            "nMops": 462,
            "end_perf": [
                0.35804486274719238,
                0.148033,
                0.036759,
                272096,
                282732,
                4823146719602,
                8589934594,
                0
            ],
            "svclass": [
                "$vcs_nba_dyn_obj",
                0,
                37,
                2,
                2,
                0,
                "sigprop$$",
                0,
                37,
                2,
                2,
                0,
                "process",
                0,
                184,
                8,
                8,
                0,
                "event",
                0,
                36,
                2,
                2,
                0,
                "mailbox",
                0,
                99,
                9,
                9,
                0,
                "semaphore",
                0,
                69,
                5,
                5,
                0
            ],
            "nQuads": 213,
            "nRouts": 33
        },
        "simpleCNN_tb": {
            "start_perf": [
                0.35809683799743652,
                0.14807400000000001,
                0.036769999999999997,
                272096,
                282732,
                1572465073.4056389,
                4823146871744
            ],
            "Compiled Times": 6,
            "child_modules": {},
            "Compiled": "Yes",
            "significant_routs": [
                [
                    41,
                    "R_VCSgd_a1TNU_29",
                    7202012,
                    6003,
                    751
                ],
                [
                    62,
                    "R_VCSgd_a1TNU_3e",
                    6558986,
                    5462,
                    810
                ],
                [
                    89,
                    "R_VCSgd_a1TNU_59",
                    31398398,
                    23427,
                    4037
                ],
                [
                    116,
                    "R_VCSgd_a1TNU_74",
                    35263968,
                    23243,
                    4737
                ],
                [
                    137,
                    "R_VCSgd_a1TNU_89",
                    12131248,
                    9912,
                    1228
                ],
                [
                    149,
                    "R_VCSgd_a1TNU_95",
                    9247244,
                    11404,
                    1153
                ],
                [
                    151,
                    "R_VCSgd_a1TNU_97",
                    9471148,
                    11404,
                    1153
                ],
                [
                    153,
                    "R_VCSgd_a1TNU_99",
                    9457098,
                    11404,
                    1153
                ],
                [
                    155,
                    "R_VCSgd_a1TNU_9b",
                    9482290,
                    11404,
                    1153
                ],
                [
                    157,
                    "R_VCSgd_a1TNU_9d",
                    9486044,
                    11404,
                    1153
                ],
                [
                    159,
                    "R_VCSgd_a1TNU_9f",
                    9499970,
                    11404,
                    1153
                ],
                [
                    161,
                    "R_VCSgd_a1TNU_a1",
                    9505660,
                    11392,
                    1152
                ],
                [
                    163,
                    "R_VCSgd_a1TNU_a3",
                    9525368,
                    11404,
                    1153
                ],
                [
                    170,
                    "R_VCSgd_a1TNU_aa",
                    7910432,
                    8793,
                    598
                ]
            ],
            "nMops": 37581,
            "end_perf": [
                0.4848029613494873,
                0.264233,
                0.040881000000000001,
                280552,
                282732,
                4823566571450,
                12884901889,
                0
            ],
            "nQuads": 9691,
            "nRouts": 379
        }
    },
    "CompUnits": {
        "a1TNU_d": {
            "text": 281321,
            "mod": "simpleCNN_tb",
            "archive": "archive.5/_11036_archive_1.a",
            "out": "a1TNU_d.o",
            "checksum": 0,
            "bytes": 467934,
            "mode": 4
        }
    },
    "stat": {
        "ru_self_end": {
            "ru_stime_sec": 0.054600000000000003,
            "ru_utime_sec": 0.26506200000000002,
            "ru_minflt": 28692,
            "ru_maxrss_kb": 86592,
            "ru_nivcsw": 9,
            "ru_majflt": 0,
            "ru_nvcsw": 192
        },
        "ru_childs_end": {
            "ru_stime_sec": 0.015429,
            "ru_utime_sec": 0.0067539999999999996,
            "ru_minflt": 6959,
            "ru_maxrss_kb": 25288,
            "ru_nivcsw": 8,
            "ru_majflt": 0,
            "ru_nvcsw": 19
        },
        "cpu_cycles_end": 4823715171920,
        "peak_mem_kb": 282732
    },
    "ObjArchives": [
        {
            "archive": "archive.5/_11036_archive_1.a",
            "objects": [
                [
                    "a1TNU_d.o",
                    467934
                ],
                [
                    "amcQwB.o",
                    68714
                ]
            ],
            "size": 536648
        }
    ],
    "reusePaths": {
        "amcQw_d": {
            "icPath": "csrc"
        },
        "reYIK_d": {
            "icPath": "csrc"
        }
    }
}